field_1,estcodigo,estnome,orgsigla,esttipo,estlongitude,estlatitude,estaltitude,estiniciooperacao
"3","25615165",Guarapuavinha,ELEJOR,H,-51.67591,-25.59652,866,2006/07/13
"126","26105047",Foz do Timbó,Simepar,H,-50.89522,-26.29452,0,1997/06/01
"141","26175039",CANOINHAS- Prefeitura Municipal,CEMADEN,P,-50.39492,-26.17522,,2015/02/24
"191","25075038",Uvaia,Maua,H,-50.38847,-25.07553,,2013/06/20
"240","26235107",UNIÃO DA VITÓRIA- Sagrada Familia,CEMADEN,P,-51.069,-26.232,,2014/07/25
"259","26255110",UNIÃO DA VITÓRIA - Rio da Praia,CEMADEN,P,-51.1,-26.251,,2014/07/25
"380","26005139",Foz do Areia,Simepar,H,-51.66754,-26.00639,728.2,1998/03/06
"508","26025035",Fluviopolis,Simepar,H,-50.5833,-26.0333,0,1997/06/01
"542","25555031",Pontilhão,Simepar,H,-50.5166,-25.9166,0,1997/06/01
"544","25485116",Madeireira Gavazzoni,Simepar,H,-51.22884,-25.80682,0,1997/06/11
"547","25505036",Teixeira Soares,Epagri/Ciram,P,-50.36111,-25.50528,1016.08,2009/07/08
"570","26025109",Palmital do Meio,Simepar,H,-51.14149,-26.02999,0,1997/06/01
"579","25435059",Fernandes Pinheiro / Irati,Iapar,M,-50.59503,-25.44331,872,2015/08/01
"605","25385149",Guarapuava,Iapar,M,-51.49391,-25.38495,1029,2015/08/01
"630","25865037",SÃO MATEUS DO SUL- Pinheirinho,CEMADEN,P,-50.37159,-25.86249,,2016/02/19
"645","26005167",UHGBM - Canal Fuga,Simepar,H,-51.66995,-26.00673,914,2010/05/05
"743","26065150",Bituruna,Simepar,H,-51.5083,-26.0639,720,2011/04/15
"912","26435132",GENERAL CARNEIRO - Centro,CEMADEN,P,-51.317,-26.428,,2014/07/25
"984","26245108",PORTO UNIÃO - Centro,CEMADEN,P,-51.084,-26.236,,2014/07/25
"1272","26055139",Foz do Areia,Simepar,M,-51.6679,-26.0037,780,1997/06/01
"1522","25325149",Salto Curucaca,ELEJOR,H,-51.81917,-25.53636,762,2006/07/27
"1527","24565023",PCH Salto Mauá Montante,Klabin,H,-50.3908,-24.9475,759,2003/07/24
"1631","25835036",São Mateus do Sul,Inmet,M,-50.36899,-25.8356,780.21,2011/04/16
"1709","25105056",Barragem UHE Rio dos Patos,Simepar,H,-50.94092,-25.17614,719,2008/11/13
"1897","26145103",União da Vitória,Simepar,M,-51.06827,-26.22825,756.53,1997/06/01
"1939","23365141",Guarapuavinha Novo,ELEJOR,H,-51.65317,-25.61192,866,2014/05/22
"1972","25005051",Ivaí,Inmet,M,-50.85385,-25.01076,803.58,2006/07/12
"2365","25215098",PRUDENTÓPOLIS - Bombeiro Comunitário,CEMADEN,P,-50.97847,-25.21334,,2015/02/25
"2545","26245080",IRINEÓPOLIS- Hospital Municipal Bom Jesus,CEMADEN,P,-50.80416,-26.23987,,2015/03/06
"2617","25315119",Serra da Esperança,Caminhos do Paraná,P,-51.19687,-25.31566,964,2013/03/01
"2738","25475066",IRATI - Centro,CEMADEN,P,-50.65887,-25.47186,,2015/02/24
"2811","26105114",Porto Vitória,Simepar,H,-51.2333,-26.1666,0,1997/06/01
"3026","25335105",Inácio Martins,Inmet,M,-51.07795,-25.56788,1208.85,2006/10/16
"3122","26395036",Major Vieira,Inmet,M,-50.36321,-26.39366,799.58,2009/02/10
"3221","26445135",General Carneiro,Inmet,M,-51.35367,-26.39847,1009.01,2008/04/10
"3225","25445068",Praça de Irati,Caminhos do Paraná,P,-50.68119,-25.4444,966,2013/03/01
"3226","25155054",Praça de Imbituva,Caminhos do Paraná,P,-50.54213,-25.15736,925,2013/03/25
"3263","25525023",São Mateus do Sul,Simepar,H,-50.38755,-25.87702,0,1997/06/01
"3268","26145104",União da Vitória,Simepar,H,-51.08059,-26.22772,749,1997/06/01
"3269","25485173",Fazenda Aurora,ELEJOR,H,-51.73786,-25.4879,,2015/04/10
"3349","25215130",Guarapuava,Simepar,M,-51.4935,-25.3845,1070,1997/06/01
"3355","25335129",Entre Rios,Simepar,M,-51.4884,-25.5459,1095,2001/01/17
"3735","26225115",Jangada,Simepar,H,-51.25,-26.3666,1046,1997/06/01
"3767","25455163",Foz Do Rio Coutinho,Águas Paraná,H,-51.63583,-25.45278,,2014/02/03
"3788","25445144",Foz Do Rio Bananas,Águas Paraná,H,-51.44681,-25.44458,,2014/02/03
"4462","25465053",Eta Irati,Águas Paraná,H,-50.53306,-25.46417,,2014/02/04
"4467","25395143",Eta Guarapuava,Águas Paraná,H,-51.43653,-25.39914,,2014/02/04
"4469","25235096",Prudentópolis Capt. Sanepar,Águas Paraná,H,-50.96083,-25.23722,,2014/02/20
"4492","25275035",Fernandes Pinheiro,Simepar,M,-50.5839,-25.4532,893,1998/11/28
"4578","26225049",MB-Canoinhas - KURPIEL,Epagri/Ciram,H,-50.49222,-26.22139,779,2014/01/01
"4984","25405149",GUARAPUAVA - Vila Bela,CEMADEN,P,-51.49242,-25.40131,,2015/02/25
"4985","25365143",GUARAPUAVA - Imovel Morro Alto,CEMADEN,P,-51.43377,-25.35533,,2015/02/24
"5061","25885042",SÃO MATEUS DO SUL - SaoMateus02,CEMADEN,P,-50.41684,-25.88059,,2016/02/19
"5185","26235108",PORTO UNIÃO - Centro,CEMADEN,P,-51.084,-26.236,,2017/09/03
"4","26355045",Foz do Cachoeira,Simepar,H,-50.75,-26.5833,0,1997/06/01
"153","25495200",Barragem Usina Fundão,ELEJOR,H,-52.00288,-25.70366,713,2006/08/11
"154","25385156",Barragem Usina Santa Clara,ELEJOR,H,-51.9553,-25.64386,817,2006/08/24
"385","26715150",Água Doce - Trento,Epagri/Ciram,M,-51.5,-26.71,,2015/04/08
"404","26475197",Palmas,Iapar,M,-51.97467,-26.46711,1093,2015/12/11
"471","26815098",Caçador,Epagri/Ciram,M,-50.985,-26.81861,960,2015/04/09
"519","26775202",Coronel Passos Maia,Epagri/Ciram,H,-52.025,-26.77278,840,2008/01/01
"523","26825087",Caçador,Epagri/Ciram,H,-50.87,-26.82167,960,2008/01/01
"536","26055019",Divisa,Simepar,H,-50.3166,-26.0833,770,1997/09/17
"567","25475206",Segredo,Simepar,H,-52.11895,-25.7911,0,1999/01/01
"647","25385201",Cavernoso em Vau dos Ribeiros,PCH Cavernoso II,H,-52.02561,-25.3803,0,2012/05/23
"683","25495223",PCH Cavernoso II - Barragem Nível Aux,PCH Cavernoso II,H,-52.21747,-25.49008,567,2014/03/13
"702","25385158",Santa Clara,Copel,H,-51.9666,-25.6333,,1997/06/01
"719","25495221",PCH Cavernoso II - Barragem,PCH Cavernoso II,H,-52.21747,-25.49008,567,2012/10/03
"745","26055155",Solais Novo,Simepar,H,-51.9166,-26.0833,809,1997/05/01
"926","26585152",Palmas - Horizonte,Simepar,M,-51.52019,-26.5829,1344,2019/11/20
"995","27035093",FRAIBURGO- CEM Dona Zenaide Maria Schmidtt Pereira da Costa,CEMADEN,P,-50.93099,-27.03318,,2015/03/03
"1113","26865203",PONTE SERRADA- Baía Alta,CEMADEN,P,-52.03214,-26.85814,,2015/02/23
"1523","25495222",PCH Cavernoso II - Jusante,PCH Cavernoso II,H,-52.22731,-25.495,0,2012/05/30
"1899","25825217",Coronel Domingos Soares,Simepar,H,-51.98156,-26.03729,607,2010/11/12
"1935","27025114",VIDEIRA- Oficina da Prefeitura,CEMADEN,P,-51.14116,-27.02053,,2015/03/03
"2121","26615068",TIMBÓ GRANDE - Boa Vista,CEMADEN,P,-50.67652,-26.61264,,2015/03/06
"2210","26595210",ABELARDO LUZ- EBM José Maria,CEMADEN,P,-52.14494,-26.6605,,2015/03/02
"2547","27005114",VIDEIRA - Aeroporto,CEMADEN,P,-51.14152,-27.00089,,2015/03/03
"2549","27005107",VIDEIRA - Rio das Pedras,CEMADEN,P,-51.0703,-27.00514,,2015/03/03
"2622","26665214",ABELARDO LUZ- Assentamento 25 maio,CEMADEN,P,-52.144,-26.66,,2014/12/21
"2763","25385157",Pinhão,Simepar,M,-51.9625,-25.64944,910,2003/04/08
"3117","26445084",Caçador,Inmet,M,-50.98552,-26.81916,944.26,2008/03/19
"3486","26285158",Palmas,Simepar,M,-51.9762,-26.4682,1100,1998/04/28
"3727","25755210",Derivação do Rio Jordão,Simepar,H,-52.10889,-25.75922,689,2013/01/24
"3952","25505222",Sitio Laranjal,PCH Cavernoso II,H,-52.22975,-25.50973,,2016/10/04
"4143","26755225",Barragem Celso Ramos,Epagri/Ciram,H,-52.25861,-26.75444,726,2008/01/01
"4156","27025116",Videira,Epagri/Ciram,H,-51.16056,-27.02972,775,2008/01/01
"4582","27045093",FRAIBURGO - ,CEMADEN,P,-50.9341,-27.0496,,2014/12/19
"4829","26785101",CAÇADOR - Defesa Civil,CEMADEN,P,-51.0094,-26.7769,,2016/10/06
"4830","26795102",CAÇADOR - Rio do peixe,CEMADEN,H,-51.00976,-26.77092,,2016/09/28
"4950","27055093",FRAIBURGO - São Miguel,CEMADEN,P,-50.934,-27.049,,2015/02/05
"4995","27025189",IRANI - Centro,CEMADEN,P,-51.8937,-27.02329,,2015/02/23
"5057","27015115",VIDEIRA - Floresta,CEMADEN,P,-51.16095,-27.00377,,2015/03/03
"5580","25375212",CANTAGALO - Centro,CEMADEN,P,-52.12637,-25.37224,,2017/10/07
"26","25464925",Horto Municipal,Águas Paraná,H,-49.2506,-25.463,,2017/05/15
"28","25474932",Santa Quitéria,Águas Paraná,H,-49.32372,-25.47175,,2017/05/15
"30","25284900",Roça Nova,Epagri/Ciram,P,-49,-25.4728,,2010/02/25
"41","26684915",POMERODE - Rega,CEMADEN,P,-49.144,-26.682,,2014/07/25
"52","25644907",Reservatório Miringuava,SANEPAR,P,-49.07424,-25.64231,944,2020/12/08
"66","25494906",Vossoroca,Orbcopel,H,-49.0833,-25.8166,,
"87","25554836",Techint,Simepar,M,-48.36707,-25.55347,30,2016/11/17
"93","25434872",SAMAE Antonina,Simepar,P,-48.72019,-25.43083,0,2012/05/15
"98","25394911",Pinhais,Epagri/Ciram,P,-49.1186,-25.39,945,2010/06/15
"128","25444923",Politécnico Meteorológica,Testes Laboratório,M,-49.23066,-25.44868,935,2017/07/10
"155","98888885",03- teste offset,Testes Laboratório,H,-49.2666,-25.4333,,2015/02/19
"159","20618",Vossoroca,Orbcopel,H,-49.0833,-25.8166,,
"179","99999993",01 - Teste Offset,Testes Laboratório,H,-49.23033,-25.44817,935,2008/03/06
"180","25334907",CAMPINA GRANDE DO SUL - Jardim Diamante,CEMADEN,P,-49.079,-25.334,,2014/08/15
"181","98888883",TS + sat1 - 300,Testes Laboratório,H,-49.2666,-25.4333,,2009/03/06
"188","25484883",MORRETES- Vila dos Ferroviários,CEMADEN,P,-48.834,-25.478,8.48,2014/07/25
"190","25484859",Salto do Meio,Simepar,H,-48.99193,-25.80797,815,1997/06/01
"192","25444888",MORRETES - Parque Breckenfeld,CEMADEN,P,-48.877,-25.437,8.48,2015/02/05
"194","25524854",PARANAGUÁ- Padre Jackson,CEMADEN,P,-48.543,-25.517,,2015/02/05
"196","25404919",PINHAIS- Jardim Atuba,CEMADEN,P,-49.193,-25.4,,2014/07/25
"197","25444916",PINHAIS- Maria Antonieta,CEMADEN,P,-49.165,-25.442,,2014/07/25
"199","25394919",PINHAIS- Perdizes,CEMADEN,P,-49.19,-25.394,,2014/07/25
"205","25464919",PINHAIS- Weiss¢polis,CEMADEN,P,-49.187,-25.462,,2014/07/25
"206","25434918",PINHAIS- Pineville,CEMADEN,P,-49.176,-25.431,,2014/07/25
"207","25404918",PINHAIS- Jardim Claudia,CEMADEN,P,-49.18,-25.4,,2014/07/25
"248","26695014",PAPANDUVA- Nova Cultura,CEMADEN,P,-50.14341,-26.6898,,2015/03/17
"255","26884923",INDAIAL - Carijós,CEMADEN,P,-49.23332,-26.88128,,2015/02/08
"256","26894919",INDAIAL - Encano,CEMADEN,P,-49.19313,-26.89003,,2015/02/10
"260","26504909",JARAGUÁ DO SUL - Defesa Civil,CEMADEN,P,-49.0896,-26.5051,,2015/02/11
"261","26434908",JARAGUÁ DO SUL - Corpo de Bombeiros Voluntários,CEMADEN,P,-49.07919,-26.42641,,2015/02/11
"263","26094980",RIO NEGRO - R. Emílio Von Linzingen,CEMADEN,P,-49.8,-26.089,,2014/07/25
"264","26124978",RIO NEGRO - Vila São Judas Tadeu,CEMADEN,P,-49.776,-26.118,,2014/07/25
"267","25454910",PIRAQUARA - Jardim Santa Mônica,CEMADEN,P,-49.101,-25.45,,2014/07/25
"268","25464915",PIRAQUARA - Vila Mariana,CEMADEN,P,-49.147,-25.46,,2014/07/25
"269","25474906",PIRAQUARA - Horto Municipal,CEMADEN,P,-49.058,-25.472,,2014/07/25
"275","25364924",Araucária,Suderhsa,A,-49.3981,-25.6002,897,2008/01/01
"277","26674885",LUIZ ALVES - Alto Canoas,CEMADEN,P,-48.845,-26.67,,
"278","26775001",SANTA TEREZINHA- UBS Centro,CEMADEN,P,-50.00846,-26.77489,,2015/03/05
"279","26394859",SÃO FRANCISCO DO SUL- Praia do Ervino,CEMADEN,P,-48.5885,-26.38688,,2015/02/20
"283","25484900",Salto do Meio,Orbcopel,H,-48.9833,-25.8,,
"350","25314870",Vila Nova,Simepar,H,-48.7073,-25.31948,6.83,2018/04/10
"363","25464957",Santa Cecília,Águas Paraná,P,-49.57091,-25.46276,,2016/06/14
"366","25314912",Cidade Jardim,Suderhsa,F,-49.2141,-25.5238,906,
"381","25264916",Curitiba,Simepar,M,-49.23033,-25.44817,935,1997/06/01
"384","27134951",UHE Salto Pilão - Vazão Sanitária,Epagri/Ciram,H,-49.51,-27.13,,2015/04/08
"388","26714890",Luiz Alves - MDA,Epagri/Ciram,M,-48.9,-26.71,,2015/04/08
"389","26974961",José Boiteux - MDA,Epagri/Ciram,M,-49.61,-26.97,,2015/04/08
"390","26344898",Joinville - Vila Nova - MDA,Epagri/Ciram,M,-48.98,-26.34,,2015/04/08
"391","26744941",Benedito Novo - Santa Maria - MDA,Epagri/Ciram,M,-49.41,-26.74,,2015/04/08
"394","26554923",Jaraguá do Sul - MDA,Epagri/Ciram,M,-49.23,-26.55,,2015/04/08
"396","26534887",Guaramirim - MDA,Epagri/Ciram,M,-48.87,-26.53,,2015/04/08
"397","27084947","UHE Salto Pilão - Vazão Reduzida 02	",Epagri/Ciram,H,-49.47,-27.08,,2015/04/08
"399","27084951","UHE Salto Pilão - Vazão Reduzida 01	",Epagri/Ciram,H,-49.51,-27.08,,2015/04/08
"436","26614901",Massaranduba - MDA,Epagri/Ciram,M,-49.01,-26.61,,2015/04/08
"439","25504918",SÃO JOSÉ DOS PINHAIS- Afonso Pena,CEMADEN,P,-49.18,-25.503,906,2014/07/25
"444","25784976",Lapa,Epagri/Ciram,P,-49.7625,-25.7817,945,2010/06/18
"449","26204901",Quiriri,Epagri/Ciram,H,-49.01889,-26.20917,106,2011/01/01
"510","26914923",Indaial,Epagri/Ciram,H,-49.23417,-26.91361,60,2011/01/01
"512","27174952",MB-Lontras - SPERANDIO,Epagri/Ciram,H,-49.52194,-27.17861,354,2014/02/12
"514","267493",Barragem Rio Bonito,Epagri/Ciram,H,-49.3,-26.7,900,2008/01/01
"525","26634933",Cedro Jusante,Epagri/Ciram,H,-49.33333,-26.63333,790,2008/01/01
"526","26654935",Palmeiras Jusante,Epagri/Ciram,H,-49.35,-26.65,800,2008/01/01
"529","25254856",Barragem UHE Marumbi,Simepar,H,-48.9489,-25.4296,707,2008/11/21
"540","25354855",BR 277 - KM 48,ECOVIA,P,-48.9489,-25.5889,895,2008/01/03
"545","25424858",Guaricana,Simepar,H,-48.9828,-25.7114,709.79,1997/06/01
"561","25384915",Santa Mônica,Epagri/Ciram,P,-49.2552,-25.635,868,2010/06/10
"583","25514881",Morretes,Iapar,M,-48.80859,-25.50898,50,2015/08/01
"584","25814854",Matinhos Sede,Simepar,P,-48.54236,-25.81642,51,2012/12/05
"593","25494929",CURITIBA- Escola Municipal M. Clara B. Tesserolli,CEMADEN,P,-49.288,-25.4877,,2015/02/23
"596","26084978",RIO NEGRO - Bom Jesus,CEMADEN,P,-49.781,-26.085,,2014/07/25
"631","25544938",ARAUCÁRIA- Escola Municipal Eglé Cordeiro Machado Pinto,CEMADEN,P,-49.3813,-25.5433,897,2015/02/23
"632","25534921",SÃO JOSÉ DOS PINHAIS- Centro,CEMADEN,P,-49.206,-25.534,906,2014/07/25
"635","25484915",SÃO JOSÉ DOS PINHAIS- Guatupé,CEMADEN,P,-49.148,-25.484,906,2014/07/27
"636","25554920",SÃO JOSÉ DOS PINHAIS - São Pedro,CEMADEN,P,-49.196,-25.55,906,2014/07/25
"637","25544909",SÃO JOSÉ DOS PINHAIS - Borda do Campo,CEMADEN,P,-49.091,-25.537,906,2015/02/05
"638","25614917",SÃO JOSÉ DOS PINHAIS - São Marcos,CEMADEN,P,-49.169,-25.606,906,2014/07/25
"640","25594916",Grammer Sanepar,Águas Paraná,P,-49.1677,-25.58524,906,2016/01/25
"643","25424859",Guaricana,Orbcopel,H,-48.9666,-25.7,906,
"646","25524874",BR 277 - KM 24,ECOVIA,P,-48.7456,-25.5286,0,2012/05/07
"679","25784977",Lapa,Iapar,M,-49.76035,-25.78212,903,2015/08/01
"681","25334904",Chácara Guajubi,Suderhsa,P,-49.0716,-25.5455,906,2008/01/01
"684","25364916",Ponte do Umbarazinho,Suderhsa,Q,-49.2611,-25.5989,906,2008/01/01
"686","25314909",Fazendinha,Suderhsa,Q,-49.1469,-25.5189,906,2008/01/01
"688","25414911",Campo Largo da Roseira,Suderhsa,P,-49.1777,-25.6752,906,2008/01/01
"690","25354910",Grammer,Suderhsa,P,-49.1717,-25.5837,906,2008/01/01
"691","1875",Guaricana,Orbcopel,H,-48.9666,-25.7,906,2008/05/19
"698","25514914",Fazendinha,Águas Paraná,H,-49.14685,-25.5192,906,2013/07/14
"699","25584963",Balsa Nova,Águas Paraná,H,-49.63189,-25.58722,865,2014/02/04
"700","25354938",Balsa Nova,Suderhsa,Q,-49.632,-25.587,865,2002/07/04
"705","98888881",02 - Teste Offset,Testes Laboratório,H,-49.2666,-25.4333,,2015/02/13
"726","25894894",Oleoduto,PETROBRAS,P,-48.9489,-25.8902,,2011/03/18
"747","25574863",Morro Inglês,Simepar,P,-48.63814,-25.57578,30,2012/12/13
"748","25564947",São Bento,Simepar,H,-49.7833,-25.9333,799,1997/09/17
"749","25354852",BR 277 - KM 41,ECOVIA,M,-48.8811,-25.5794,374,2008/01/05
"753","25454912",Ponte PR 415,Águas Paraná,H,-49.12135,-25.45058,,2014/01/01
"755","25874857",Bombeiros Guaratuba,Simepar,P,-48.57806,-25.87381,0,2012/10/18
"756","25914858",CCO de Guaratuba,Simepar,P,-48.58137,-25.91217,8,2014/09/17
"757","25724970",Praça da Lapa,Caminhos do Paraná,P,-49.70617,-25.72683,978,2013/03/01
"776","26214960",Rio Preto Do Sul,Águas Paraná,H,-49.60361,-26.21556,,2014/02/20
"837","25564936",REPAR,Simepar CampoE,M,-49.3636,-25.5627,897,2014/01/01
"841","25734859",Parque Águas Claras,Simepar,P,-48.59944,-25.73044,21,2014/05/13
"864","25554916",SÃO JOSÉ DOS PINHAIS - Quississana,CEMADEN,P,-49.156,-25.548,906,2014/07/25
"894","26684928",Barragem Pinhal,Epagri/Ciram,H,-49.28333,-26.68333,800,2011/01/01
"907","26834911",BLUMENAU- Itoupava Central2,CEMADEN,P,-49.108,-26.833,,2014/07/25
"910","26724907",BLUMENAU- Vila Itoupava,CEMADEN,P,-49.066,-26.723,,2014/07/25
"917","25494886",MORRETES - América de Baixo,CEMADEN,P,-48.855,-25.49,8.48,2014/07/25
"934","27044962",PRESIDENTE GETÚLIO - Jardim Otilene,CEMADEN,P,-49.617,-27.043,,2014/07/25
"935","26905009",RIO DO CAMPO - Taiozinho,CEMADEN,P,-50.093,-26.896,,2014/07/25
"936","26864928",TIMBÓ - Araponguinhas,CEMADEN,P,-49.278,-26.858,,2014/07/25
"939","26945019",RIO DO CAMPO - Ribeirão Carneiro,CEMADEN,P,-50.194,-26.942,,2014/07/25
"940","26894906",BLUMENAU - Nova Esperança,CEMADEN,P,-49.055,-26.891,,2014/07/25
"941","26784936",BENEDITO NOVO - Centro,CEMADEN,P,-49.365,-26.782,,2014/07/25
"951","26434924",CORUPÁ- Corupá,CEMADEN,H,-49.2401,-26.429,,2014/10/19
"954","26484862",Balneário Barra do Sul - MDA,Epagri/Ciram,M,-48.62,-26.48,,2015/04/08
"985","26284886",JOINVILLE - Costa e Silva,CEMADEN,P,-48.865,-26.279,,2014/07/25
"986","26684917",POMERODE - Texto Alto I,CEMADEN,P,-49.173,-26.685,,2014/07/25
"989","27024964",PRESIDENTE GETÚLIO - Rua Caminho Pinheiro,CEMADEN,P,-49.635,-27.024,,2014/07/25
"990","26414924",CORUPÁ - Rua Ano Bom,CEMADEN,P,-49.235,-26.411,,2014/07/25
"1006","26834899",GASPAR- Arraial do Ouro,CEMADEN,P,-48.992,-26.831,,2014/07/25
"1027","26914925",INDAIAL- Tapajós,CEMADEN,P,-49.2507,-26.9136,,2015/02/08
"1030","26304991",ITAIÓPOLIS- Escola Rural Belmont,CEMADEN,P,-49.9066,-26.3014,,2015/02/24
"1060","26184860",ITAPOÁ - Itapoá Terminais Portuários,CEMADEN,P,-48.60197,-26.18108,,2015/03/16
"1067","26304899",JOINVILLE- Estrada Geral Salto I,CEMADEN,P,-48.988,-26.296,,2014/07/25
"1087","26484910",JARAGUÁ DO SUL - SAMAE Agua Verde,CEMADEN,P,-49.1043,-26.4766,,2015/02/10
"1088","26614889",MASSARANDUBA - Massarandubinha,CEMADEN,P,-48.8948,-26.6081,,2015/02/23
"1089","27215012",MIRIM DOCE - Pinhalzinho,CEMADEN,P,-50.122,-27.213,,2014/07/25
"1090","27195018",MIRIM DOCE - Volta Grande,CEMADEN,P,-50.177,-27.192,,2014/07/25
"1092","26455024",MONTE CASTELO - Bairro Novo,CEMADEN,P,-50.23787,-26.45387,,2015/03/05
"1103","26774918",POMERODE- Ribeirão Herdt,CEMADEN,P,-49.177,-26.767,,2014/07/25
"1105","26774916",POMERODE- Testo Central Alto,CEMADEN,P,-49.163,-26.774,,2014/07/25
"1106","27074968",PRESIDENTE GETÚLIO- Est. Tifa da Pimenta,CEMADEN,P,-49.678,-27.073,,2014/07/25
"1107","27024963",PRESIDENTE GETÚLIO- Rua Caminho Pinheiro,CEMADEN,P,-49.635,-27.024,,2015/02/11
"1116","27204967",RIO DO SUL- Fundo Canoas,CEMADEN,P,-49.674,-27.198,,2014/07/25
"1119","27184960",RIO DO SUL- Santa Rita,CEMADEN,P,-49.604,-27.176,,2014/07/25
"1123","26825001",RIO DO CAMPO - Rio da Prata,CEMADEN,P,-50.011,-26.821,,2014/07/25
"1125","26724918",POMERODE - Rua Frederic Blanck,CEMADEN,P,-49.182,-26.723,,2014/07/25
"1126","26734914",POMERODE - Wunderwald,CEMADEN,P,-49.142,-26.73,,2014/07/25
"1127","26684914",POMERODE - Rega2,CEMADEN,P,-49.144,-26.682,,2014/07/25
"1128","26744917",POMERODE - Centro,CEMADEN,P,-49.174,-26.742,,2014/07/25
"1129","27165047",PONTE ALTA DO NORTE - Centro,CEMADEN,P,-50.467,-27.156,,2014/07/25
"1172","25334953",Porto Amazonas,Simepar,H,-49.8833,-25.55,0,1997/06/01
"1181","26454903",SCHROEDER - Schroeder I,CEMADEN,P,-49.027,-26.446,,2014/07/25
"1219","26894999",SALETE - Estrada Geral Rio Wildy,CEMADEN,P,-49.99184,-26.89216,,2015/03/04
"1225","26244864",SÃO FRANCISCO DO SUL - Centro,CEMADEN,P,-48.6385,-26.2426,,2015/02/20
"1260","25544855",PARANAGUÁ- Vila do Povo,CEMADEN,P,-48.547,-25.542,,2014/08/13
"1266","26394909",SCHROEDER- Centro,CEMADEN,P,-49.09,-26.392,,2014/07/25
"1267","26414908",SCHROEDER- Centro2,CEMADEN,P,-49.075,-26.412,,2014/07/25
"1268","26414909",SCHROEDER- Centro2,CEMADEN,P,-49.077,-26.412,,2014/07/25
"1271","26394906",SCHROEDER- Rua Cândido Tomaselli,CEMADEN,P,-49.06,-26.386,,2014/07/25
"1314","27165004",TAIÓ- Margem Esquerda,CEMADEN,P,-50.037,-27.157,,2014/07/25
"1315","27075003",TAIÓ- Santo Antonio,CEMADEN,P,-50.034,-27.067,,2014/07/25
"1370","26814927",TIMBÓ - Bairro das Naçཞs,CEMADEN,P,-49.268,-26.806,,2014/07/25
"1371","26834929",TIMBÓ - Martinho Stein,CEMADEN,P,-49.287,-26.83,,2014/07/25
"1372","26844925",TIMBÓ - Vila Gemer,CEMADEN,P,-49.253,-26.842,,2014/07/25
"1373","26824925",TIMBÓ - Pomerodes,CEMADEN,P,-49.251,-26.816,,2014/07/25
"1374","26804930",TIMBÓ - Tiroleses,CEMADEN,P,-49.299,-26.799,,2014/07/25
"1416","26924979",WITMARSUM - Vila Nova,CEMADEN,P,-49.788,-26.918,,2014/07/25
"1447","25854940",Quitandinha,Águas Paraná,H,-49.52617,-25.85582,,2014/02/20
"1448","25544941",Olaria Pioli,Águas Paraná,H,-49.41009,-25.5474,906,2016/03/23
"1488","25484919",Ponte BR 277,Águas Paraná,H,-49.19011,-25.48353,,2016/05/18
"1489","25524921",Cidade Jardim,Águas Paraná,H,-49.21472,-25.52456,906,2013/08/29
"1518","25534884",Estrada Anhaia,Simepar,P,-48.84667,-25.53647,51,2013/03/01
"1519","25534885",Rio do Pinto,Simepar,H,-48.84667,-25.53639,51,2013/12/23
"1668","26264952",RIO NEGRINHO- Rio Negrinho,CEMADEN,H,-49.511,-26.2607,,2014/08/26
"1933","26874919",INDAIAL - Encano do Norte,CEMADEN,P,-49.19488,-26.87525,,2015/02/10
"1991","25344849",BR 277 - KM 35,ECOVIA,P,-48.8303,-25.5739,240,2007/12/28
"2031","25494885",MORRETES- América de Baixo,CEMADEN,P,-48.855,-25.49,8.48,2015/02/05
"2066","25694857",Posto Polícia Alexandra,Simepar,P,-48.57417,-25.69175,305,2012/09/19
"2080","26094923",Fragosos,Simepar,H,-49.3833,-26.15,0,1997/06/01
"2082","26415014",PAPANDUVA- Lagoa Seca,CEMADEN,P,-50.14322,-26.41128,,2014/12/25
"2132","27005005",SALETE- Unidade de Saúde da Família do Trabalhador Rural Ribeirão Cipriano,CEMADEN,P,-50.05146,-26.9991,,2015/03/04
"2171","25694847",ETA Praia de Leste,Simepar,P,-48.47751,-25.69773,0,2014/09/11
"2181","25674845",Bombeiros Pontal do Sul,Simepar,P,-48.45825,-25.67503,6,2012/10/25
"2231","26224941",SÃO BENTO DO SUL - ,CEMADEN,P,-49.4103,-26.2297,,2014/12/08
"2410","26734917",POMERODE - Rio do Testo,CEMADEN,H,-49.172,-26.7259,,2016/09/26
"2468","26784937",BENEDITO NOVO - Centro,CEMADEN,P,-49.365,-26.782,,2015/02/05
"2489","25434888",Porto de Cima,Águas Paraná,H,-48.8811,-25.434,39,2011/12/02
"2508","26894908",BLUMENAU - Itoupava seca,CEMADEN,P,-49.08,-26.897,,2014/12/25
"2546","26034863",ITAPOÁ - Itapoá,CEMADEN,H,-48.6291,-26.0272,,2015/02/10
"2548","26284887",JOINVILLE - Costa e Silva,CEMADEN,P,-48.865,-26.279,,2015/02/05
"2585","25514921",ETE- Sanepar,Águas Paraná,H,-49.21279,-25.51781,877,2016/06/27
"2591","26484908",JARAGUÁ DO SUL - Bombeiro do Centro,CEMADEN,P,-49.082,-26.4799,,2015/02/10
"2595","26694914",POMERODE - Rega,CEMADEN,P,-49.144,-26.682,,2017/06/14
"2640","26484905",JARAGUÁ DO SUL - SAMAE Ilha da Figueira,CEMADEN,P,-49.04547,-26.48459,,2015/02/11
"2682","25354833",Floresta do Palmito,Simepar,P,-48.5611,-25.593,23,2014/04/15
"2715","25474883",Morretes,Águas Paraná,H,-48.8303,-25.4775,9,2011/12/22
"2804","26904908",BLUMENAU- Itoupava seca,CEMADEN,P,-49.08,-26.897,,2015/02/05
"2852","25604939",Araucária,Águas Paraná,H,-49.39793,-25.60161,869,2016/07/04
"2873","26234941",SÃO BENTO DO SUL - Colonial,CEMADEN,P,-49.41,-26.229,,2015/02/05
"2874","26224850",SÃO FRANCISCO DO SUL - Enseada,CEMADEN,P,-48.50107,-26.22188,,2015/02/20
"2891","26504892",GUARAMIRIM- Bananal do Sul,CEMADEN,P,-48.9244,-26.5011,,2015/02/24
"2909","25424938",Ponte BR 277 Campo Largo,Águas Paraná,H,-49.38794,-25.42697,,2016/06/13
"2916","25484904",Entremar,Águas Paraná,P,-49.04107,-25.48915,,2016/06/23
"2989","25264913",Curitiba,Inmet,M,-49.2306,-25.44869,922.91,2003/01/28
"3005","26544916",Indaial,Inmet,M,-49.26798,-26.9137,72.24,2006/07/02
"3007","26944906",BLUMENAU - Garcia,CEMADEN,P,-49.057,-26.938,,2015/02/06
"3091","25364907",Quatro Barras,Águas Paraná,P,-49.074,-25.36761,,2016/06/14
"3092","26084864",Itapoá,Inmet,M,-48.64177,-26.0813,6.18,2007/06/06
"3108","26664999",SANTA TEREZINHA- Rio da Anta,CEMADEN,P,-49.99276,-26.65671,,2015/03/05
"3119","26445015",Rio do Campo,Inmet,M,-50.14545,-26.93753,591.67,2008/03/11
"3120","26434959",Rio Negrinho,Inmet,M,-49.58062,-26.24841,856.89,2008/03/22
"3166","25424883",Morretes,Inmet,M,-48.80868,-25.50894,50.31,2008/03/13
"3224","25494990",Praça de Porto Amazonas,Caminhos do Paraná,P,-49.90362,-25.49067,935,2013/04/01
"3356","25474946",Lapa,Simepar,M,-49.7598,-25.7817,909.8,1997/06/01
"3431","25494905",Vossoroca,Simepar,H,-49.0833,-25.8166,851,1997/06/01
"3443","26064948",Rio Negro,Simepar,H,-49.80194,-26.1097,0,1997/10/24
"3478","25324831",Guaratuba,Simepar,M,-48.58049,-25.84536,0,1997/06/01
"3487","25444869",APPA Antonina,Simepar,M,-48.69434,-25.44716,2,2014/09/24
"3534","25384886",São João da Graciosa,Simepar,P,-48.86152,-25.3871,0,2014/10/01
"3541","25654927",Fazenda Gralha Azul-PUC,Simepar CampoE,M,-49.27852,-25.65457,911.73,2009/09/03
"3584","25564862",BR 277 - KM 10,ECOVIA,P,-48.6269,-25.5692,403,2012/05/07
"3656","25554869",Floresta,Simepar,P,-48.6947,-25.5563,14,2011/12/13
"3658","25374946",CAMPO MAGRO- Centro,CEMADEN,P,-49.45687,-25.3689,,2016/02/19
"3664","25554873",Sambaqui,Simepar,P,-48.73833,-25.55444,37,2013/12/05
"3671","25254905",Pinhais,Simepar,M,-49.1299,-25.3907,930,1998/07/10
"3685","25534852",Paranaguá,Simepar,M,-48.5296,-25.5378,19,2012/11/21
"3726","25814881",Cubatão - Copel,Simepar,H,-48.80729,-25.81799,36,2015/04/28
"3738","25504887",Rio Marumbi Morretes,Simepar,H,-48.87361,-25.50639,44,2013/12/23
"3743","25484918",Comp.  C. Água Limpa,Águas Paraná,H,-49.18133,-25.48581,906,2013/09/08
"3744","25594926",Ponte Do Umbarazinho,Águas Paraná,H,-49.26004,-25.59859,906,2013/09/08
"3754","25444625",Curitiba,Epagri/Ciram,P,-49.25667,-25.44028,921,2009/07/08
"3775","26884958",JOSÉ BOITEUX - Alto Rio Lieizs,CEMADEN,P,-49.581,-26.879,,2014/07/25
"3780","26724890",LUIZ ALVES - Vila do Salto2,CEMADEN,P,-48.901,-26.717,,2014/07/25
"3789","25324916",Embrapa,Águas Paraná,H,-49.16233,-25.3225,,2016/02/25
"3790","25584916",Mandirituba Copel,Águas Paraná,P,-49.32475,-25.77708,,2016/01/25
"3792","25454904",São Cristovão,Águas Paraná,P,-49.0496,-25.45196,,2016/02/18
"3793","25444947",Bom Jesus da Aldeia,Águas Paraná,P,-49.47309,-25.44211,,2016/01/26
"3794","25474924",Arauco / PUC,Águas Paraná,H,-49.24675,-25.47068,,2013/09/08
"3795","25444919",Autódromo,Águas Paraná,H,-49.19791,-25.44682,,2015/09/18
"3810","25684954",Contenda Copel,Águas Paraná,P,-49.54176,-25.681,,2016/01/25
"3814","25454917",Pinhais,Águas Paraná,H,-49.17154,-25.454,,2015/10/06
"3816","26884929",INDAIAL - ,CEMADEN,P,-49.2852,-26.8808,,2015/02/09
"3820","25544907",Chacara Guajubi,Águas Paraná,P,-49.07237,-25.54619,906,2016/01/25
"3942","25524875",PR 408 - Ponte Sagrado,ECOVIA,H,-48.75134,-25.52629,8.48,2014/10/09
"3953","25494933",Tecpar,Epagri/Ciram,P,-49.3389,-25.4947,882,2011/02/27
"3973","25524851",PARANAGUÁ - Ponta do Caju,CEMADEN,P,-48.509,-25.523,,2015/02/05
"3975","27224965",RIO DO SUL - Centro,CEMADEN,P,-49.647,-27.218,,2014/07/25
"3976","26874938",RODEIO - Ipiranga,CEMADEN,P,-49.385,-26.872,,2014/07/25
"3978","26774908",BLUMENAU- Itoupava Central,CEMADEN,P,-49.08,-26.767,,2014/07/25
"4130","20619",Salto do Meio,Orbcopel,H,-48.9833,-25.8,,2008/05/19
"4147","25324933",Formigas,Suderhsa,H,-49.5445,-25.5376,897,2009/02/16
"4157","25274912",Autódromo,Suderhsa,Q,-49.198,-25.4466,,2002/07/04
"4158","25274910",Pinhais,Suderhsa,Q,-49.1716,-25.4537,,2002/07/04
"4159","25374921",Ponte da Caximba,Suderhsa,Q,-49.357,-25.6136,,2002/07/04
"4160","25324924",Olaria Pioli,Suderhsa,H,-49.3936,-25.5327,897,2008/01/01
"4178","25414932",Contenda,Suderhsa,P,-49.5411,-25.6794,,2008/01/01
"4182","2694913",Salto Jusante,Epagri/Ciram,H,-49.13333,-26.9,12,2008/01/01
"4183","25474919",Mandirituba,Suderhsa,P,-49.3246,-25.7668,,2008/01/01
"4186","25294902",Entremar,Suderhsa,P,-49.0409,-25.4889,,2008/01/01
"4192","25224904",Quatro Barras,Suderhsa,P,-49.0739,-25.3667,,2008/01/01
"4194","26904907",PL - Blumenau FURB,Epagri/Ciram,H,-49.0775,-26.905,30,2008/01/01
"4195","25254923",BR_277 Campo Largo,Suderhsa,P,-49.3868,-25.4086,,2008/01/01
"4196","25264928",Bom Jesus da Aldeia,Suderhsa,P,-49.473,-25.4415,,2008/01/01
"4198","25284934",Santa Cecília,Suderhsa,P,-49.5702,-25.462,,2008/01/01
"4199","26284910",Barragem Rio do Júlio,Epagri/Ciram,H,-49.10306,-26.28111,645,2008/01/01
"4201","26294906",Barragem 8 Salto,Epagri/Ciram,H,-49.06139,-26.29472,695,2008/01/01
"4203","25294911",Ponte BR_277,Suderhsa,Q,-49.1898,-25.4828,,2008/01/02
"4204","25274907",Olaria do Estado,Suderhsa,Q,-49.1198,-25.4429,,2008/01/02
"4207","26194870",São Francisco do Sul - Casan - Vega,Epagri/Ciram,H,-48.70583,-26.19944,35,2008/01/23
"4259","25274915",Prado Velho,Suderhsa,Q,-49.249,-25.4499,,2002/09/25
"4263","25274903",São Cristóvão,Suderhsa,P,-49.0495,-25.4514,,2008/01/01
"4264","27054951",Ibirama,Epagri/Ciram,H,-49.51667,-27.05389,80,2008/01/01
"4267","26625023",PL - Monte Castelo,Epagri/Ciram,H,-50.23917,-26.62583,800,2008/01/01
"4268","25314913",ETE-SANEPAR,Suderhsa,Q,-49.2124,-25.5172,,2008/01/01
"4473","25614935",Ponte Da Caximba,Águas Paraná,H,-49.35667,-25.61028,,2014/02/04
"4494","25604951",Guajuvira,Águas Paraná,H,-49.5134,-25.60021,897,2013/07/10
"4495","25534954",Formigas,Águas Paraná,H,-49.54439,-25.53778,897,2014/02/20
"4496","25594922",Cachoeira,Águas Paraná,H,-49.22866,-25.59018,906,2013/08/29
"4497","25344925",ALMIRANTE TAMANDARÉ- Jardim Graziela,CEMADEN,P,-49.246,-25.343,,2014/07/25
"4501","25444920",PINHAIS - Estância Pinhais,CEMADEN,P,-49.199,-25.438,,2014/07/25
"4560","26024862",ITAPOÁ - Itapoá,CEMADEN,H,-48.6291,-26.0272,,2014/10/20
"4561","26844962",JOSÉ BOITEUX - Rio Wiegand,CEMADEN,P,-49.62,-26.841,,2014/07/25
"4562","26084865",Itapoá,Epagri/Ciram,M,-48.64167,-26.08111,2,2014/01/01
"4564","26914926",Indaial,Epagri/Ciram,M,-49.26667,-26.91667,8613,2014/01/01
"4580","26234853",São Francisco do Sul,Epagri/Ciram,M,-48.53194,-26.23278,12,2016/04/03
"4584","26904903",BLUMENAU - Vorstadt,CEMADEN,P,-49.034,-26.905,,2014/08/06
"4586","26935014",Rio do Campo,Epagri/Ciram,M,-50.14556,-26.93722,570,2014/01/01
"4687","25664910",Malhada,Águas Paraná,P,-49.10322,-25.66264,906,2016/06/15
"4692","25674917",Campo Largo da Roseira,Águas Paraná,P,-49.17972,-25.67494,906,2016/06/15
"4705","25324915",Colombo,Inmet,M,-49.15773,-25.32246,950,2016/05/28
"4712","25674918",SÃO JOSÉ DOS PINHAIS - Campo Largo da Roseira,CEMADEN,P,-49.182,-25.674,906,2014/07/25
"4723","25384930",CURITIBA - Pilarzinho,CEMADEN,P,-49.295,-25.38,,2014/12/12
"4724","25814880",Cubatão,Águas Paraná,H,-48.8074,-25.81792,,2013/09/08
"4725","25334927",ALMIRANTE TAMANDARÉ - Jardim Roma,CEMADEN,P,-49.273,-25.327,,2014/07/25
"4726","25674931",FAZENDA RIO GRANDE - Gralha Azul,CEMADEN,P,-49.30737,-25.67292,,2016/02/21
"4737","25594939",ARAUCÁRIA - Centro,CEMADEN,P,-49.388,-25.595,897,2015/02/23
"4740","25374931",ALMIRANTE TAMANDARÉ - Jardim Tanguá,CEMADEN,P,-49.308,-25.371,,2014/07/25
"4743","25344928",ALMIRANTE TAMANDARÉ - Jardim Bonfim,CEMADEN,P,-49.28,-25.344,,2014/07/25
"4750","25464869",ANTONINA - Rua Professora Otilia Ferrarine,CEMADEN,P,-48.687,-25.462,,2015/02/05
"4751","25444871",ANTONINA - Jardim Maria Luiza,CEMADEN,P,-48.711,-25.436,,2014/07/25
"4752","25434873",ANTONINA - Batel,CEMADEN,P,-48.725,-25.433,,2014/07/25
"4753","25434871",ANTONINA - Centro,CEMADEN,P,-48.71,-25.429,,2014/07/25
"4759","26424875",ARAQUARI - Porto Grande,CEMADEN,P,-48.75515,-26.41607,,2015/02/19
"4760","26524871",ARAQUARI - Rainha,CEMADEN,P,-48.71378,-26.51683,,2015/02/19
"4761","26374872",ARAQUARI - Centro,CEMADEN,P,-48.72337,-26.37228,,2015/02/19
"4762","26404880",ARAQUARI - Itinga,CEMADEN,P,-48.79885,-26.39942,,2015/02/23
"4794","26904905",BLUMENAU - Ponta Aguda,CEMADEN,P,-49.048,-26.902,,2014/07/25
"4795","26864915",BLUMENAU - Testo Salto,CEMADEN,P,-49.154,-26.857,,2014/07/25
"4796","26884907",BLUMENAU - Fortaleza,CEMADEN,P,-49.066,-26.877,,2014/07/25
"4797","26914903",BLUMENAU - Vorstadt,CEMADEN,P,-49.034,-26.905,,2015/02/05
"4798","26894905",BLUMENAU - Nova Esperança,CEMADEN,P,-49.055,-26.891,,2015/02/05
"4799","26854905",BLUMENAU - Fortaleza Alta,CEMADEN,P,-49.047,-26.852,,2014/07/25
"4800","26874909",BLUMENAU - Itoupava Norte,CEMADEN,P,-49.086,-26.872,,2014/07/25
"4802","26944915",BLUMENAU - Velha Central,CEMADEN,P,-49.15,-26.937,,2014/07/25
"4803","26904910",BLUMENAU - Escola Agricola,CEMADEN,P,-49.103,-26.904,,2014/07/25
"4804","26884914",BLUMENAU - Badenfurt,CEMADEN,P,-49.14,-26.883,,2014/07/25
"4805","26954913",BLUMENAU - Velha Grande,CEMADEN,P,-49.133,-26.951,,2014/07/25
"4806","26914907",BLUMENAU - Centro,CEMADEN,P,-49.069,-26.913,,2014/07/25
"4850","25334908",CAMPINA GRANDE DO SUL - Jardim Diamante,CEMADEN,P,-49.079,-25.334,,2015/02/05
"4851","25364911",CAMPINA GRANDE DO SUL - Jardim Graciosa,CEMADEN,P,-49.109,-25.356,,2014/07/25
"4854","25984968",CAMPO DO TENENTE - Centro,CEMADEN,P,-49.684,-25.9797,,2015/02/05
"4856","25474953",CAMPO LARGO - Vila Bancaria,CEMADEN,P,-49.52551,-25.46856,,2016/02/19
"4857","25444946",CAMPO LARGO - Ferraria,CEMADEN,P,-49.45527,-25.43937,,2016/02/19
"4858","25464952",CAMPO LARGO - Rio Cambui,CEMADEN,H,-49.5204,-25.4556,,2017/01/01
"4859","25454956",CAMPO LARGO - Vila Andreas,CEMADEN,P,-49.55519,-25.44889,,2016/02/19
"4894","25364919",COLOMBO - Alto da Cruz,CEMADEN,P,-49.1892,-25.3612,,2015/02/23
"4904","26414923",CORUPÁ - Rua Ano Bom,CEMADEN,P,-49.235,-26.411,,2015/02/06
"4905","26434926",CORUPÁ - Horto Florestal,CEMADEN,P,-49.259,-26.43,,2014/07/25
"4906","26444923",CORUPÁ - João Tozini,CEMADEN,P,-49.22865,-26.43862,,2015/02/11
"4917","25424934",CURITIBA - São Braz,CEMADEN,P,-49.342,-25.417,,2014/12/12
"4918","25354926",CURITIBA - Cachoeira,CEMADEN,P,-49.25527,-25.3536,,2015/03/10
"4919","25444935",CURITIBA - Santa Felicidade,CEMADEN,P,-49.35,-25.435,,2015/02/05
"4920","25414936",CURITIBA - Butiatuvinha,CEMADEN,P,-49.36184,-25.41118,,2015/03/10
"4921","25414930",CURITIBA - Vista Alegre,CEMADEN,P,-49.301,-25.413,,2014/12/12
"4922","25384933",CURITIBA - Santa Felicidade,CEMADEN,P,-49.332,-25.382,,2014/12/14
"4923","25384924",CURITIBA - Boa Vista,CEMADEN,P,-49.245,-25.379,,2014/12/14
"4924","25384920",CURITIBA - Atuba,CEMADEN,P,-49.197,-25.384,,2015/02/05
"4925","25564928",CURITIBA - Umbará,CEMADEN,P,-49.284,-25.555,,2015/02/05
"4940","25654931",FAZENDA RIO GRANDE - Naçཞs,CEMADEN,P,-49.30742,-25.64902,,2016/02/21
"4961","26114900",GARUVA - Estrada Geral Quiriri,CEMADEN,P,-49.00358,-26.11388,,2015/02/23
"4962","26034885",GARUVA - Centro,CEMADEN,P,-48.8502,-26.0324,,2015/02/23
"4963","26894901",GASPAR - Belchior Baixo,CEMADEN,P,-49.009,-26.892,,2014/07/25
"4965","26804901",GASPAR - SAMAE ETA-V,CEMADEN,P,-49.01268,-26.80265,,2015/03/11
"4978","26484902",GUARAMIRIM - Nova Esperança,CEMADEN,P,-49.0159,-26.475,,2015/02/11
"4979","26474896",GUARAMIRIM - Bananal,CEMADEN,P,-48.95957,-26.47323,,2015/02/24
"4980","26544902",GUARAMIRIM - Jacu-açu,CEMADEN,P,-49.0169,-26.5405,,2015/02/11
"4981","26464892",GUARAMIRIM - Corticeras,CEMADEN,P,-48.91975,-26.46237,,2015/02/24
"5005","26524913",JARAGUÁ DO SUL - Barra do Rio Cerro,CEMADEN,P,-49.12951,-26.51601,,2015/02/10
"5006","26454917",JARAGUÁ DO SUL - Bombeiro de Nereu Ramos,CEMADEN,P,-49.1663,-26.4548,,2015/07/09
"5010","26334888",JOINVILLE - Estação de Cidadania Abilio Bello,CEMADEN,P,-48.875,-26.3309,,2015/02/23
"5011","27204980",RIO DO OESTE - Centro,CEMADEN,P,-49.79585,-27.19567,,2015/02/11
"5012","27184964",RIO DO SUL - Itoupava,CEMADEN,P,-49.64,-27.177,,2014/07/25
"5013","27224966",RIO DO SUL - Canoas,CEMADEN,P,-49.659,-27.221,,2014/07/25
"5014","27224963",RIO DO SUL - Santana,CEMADEN,P,-49.627,-27.223,,2014/07/25
"5015","26264951",RIO NEGRINHO - Alegre,CEMADEN,P,-49.509,-26.261,,2014/07/25
"5016","26234950",RIO NEGRINHO - Industrial Norte,CEMADEN,P,-49.496,-26.229,,2014/07/25
"5017","26094978",RIO NEGRO - Bom Jesus,CEMADEN,P,-49.781,-26.085,,2015/02/05
"5018","26924937",RODEIO - Centro,CEMADEN,P,-49.369,-26.924,,2014/07/25
"5019","26954935",RODEIO - BR 470,CEMADEN,P,-49.353,-26.952,,2014/07/25
"5020","26854933",RODEIO - Rodeio 12,CEMADEN,P,-49.326,-26.846,,2014/07/25
"5021","26975000",SALETE - CEI Primeiros Passos,CEMADEN,P,-50.00102,-26.97143,,2015/03/04
"5027","26254880",JOINVILLE - Aventureiro,CEMADEN,P,-48.797,-26.249,,2014/07/25
"5028","26384882",JOINVILLE - Itinga,CEMADEN,P,-48.82,-26.383,,2014/07/25
"5029","26274883",JOINVILLE - Iririu,CEMADEN,P,-48.828,-26.273,,2014/07/25
"5030","26354878",JOINVILLE - Paranaguamirim,CEMADEN,P,-48.781,-26.347,,2014/07/25
"5031","26304884",JOINVILLE - Centro,CEMADEN,P,-48.841,-26.301,,2014/07/25
"5041","26774896",LUIZ ALVES - Braço do Francês,CEMADEN,P,-48.963,-26.767,,2014/07/25
"5042","26674884",LUIZ ALVES - Alto Canoas,CEMADEN,P,-48.845,-26.67,,2014/07/25
"5043","26704890",LUIZ ALVES - Vila do Salto,CEMADEN,P,-48.904,-26.695,,2014/07/25
"5044","26774899",LUIZ ALVES - Braço Serafim,CEMADEN,P,-48.987,-26.766,,2014/07/25
"5045","26114981",MAFRA - Centro,CEMADEN,P,-49.806,-26.114,,2014/07/25
"5046","26134980",MAFRA - Rio da Lanca,CEMADEN,H,-49.7958,-26.127,,2015/03/03
"5528","26964962",JOSÉ BOITEUX - Centro,CEMADEN,P,-49.62662,-26.96298,,2017/09/24
"34","98888886",Laboratório Met300,Testes Laboratório,M,-49.16,-25.26,,2010/02/08
"102","25084853",Capivari,Orbcopel,H,-48.8666,-25.1333,,
"158","20617",Capivari,Orbcopel,H,-48.8666,-25.1333,,
"232","25224935",ITAPERUÇU - Centro,CEMADEN,P,-49.351,-25.219,,2014/07/25
"250","25134856",Capivari Montante,Simepar,H,-48.9395,-25.2208,819,2000/03/21
"265","25174931",RIO BRANCO DO SUL - Rio Branco do Sul l,CEMADEN,P,-49.309,-25.167,,2014/07/25
"266","25204932",RIO BRANCO DO SUL - Centro II,CEMADEN,P,-49.324,-25.205,,2014/07/25
"405","25054850",Capivari Jusante,Simepar,H,-48.8276,-25.0881,686,2000/03/16
"484","25015003",Alagados,Simepar,H,-50.057,-25.0223,958,2000/03/27
"530","24824926",Cerro Azul,Epagri/Ciram,P,-49.25,-24.8166,,2010/08/25
"560","25025010",Reservatório Pitangui,Simepar,H,-50.1017,-25.0278,866,2010/05/06
"577","25004862",PCH Novo Horizonte Barramento,PCH Novo Horizonte,H,-48.62167,-25,,2012/09/12
"598","25125008",Ponta Grossa,Iapar,M,-50.07671,-25.1196,899,2015/08/01
"629","25214934",ITAPERUÇU- Jardim Itau,CEMADEN,P,-49.335,-25.213,,2014/07/25
"779","24844927",Cerro Azul Montante,Águas Paraná,H,-49.27336,-24.84357,,2013/09/08
"780","24904944",Foz São Sebastião,Águas Paraná,H,-49.44163,-24.90348,,2013/09/08
"929","25194931",RIO BRANCO DO SUL - Centro,CEMADEN,P,-49.313,-25.193,,2014/07/25
"1946","25004863",PCH Novo Horizonte Montante,PCH Novo Horizonte,H,-48.63881,-25.00428,529,2013/09/03
"2200","25314929",ALMIRANTE TAMANDARÉ - Centro,CEMADEN,P,-49.298,-25.31,,2015/02/05
"3222","25134848",Antonina,Simepar,M,-48.75248,-25.24341,60,1999/01/01
"3435","25084852",Capivari,Simepar,H,-48.8666,-25.1333,758,1997/06/01
"3542","25135001",Ponta Grossa,Simepar,M,-50.1524,-25.0137,888.25,1997/06/01
"3717","24494915",Cerro Azul,Simepar,M,-49.2604,-24.8267,366,1997/06/01
"3746","25244852",Guaraqueçaba,Iapar,M,-48.52261,-25.23815,33,2015/08/01
"3755","25244874",Pinguela,Águas Paraná,H,-48.74825,-25.24316,,2016/02/17
"3813","25284923",Colombo Copel,Águas Paraná,P,-49.23149,-25.28776,,2016/01/25
"3924","25274841",ANTONINA - ANTONINA,CEMADEN,P,-48.4114,-25.2743,,2014/08/13
"3950","25035010",Jusante Pitangui (Resol. 3 - SJR),Simepar,H,-50.10435,-25.03589,842,2016/04/29
"3969","25184889",Recanto do Maneco,Simepar,H,-48.8981,-25.1825,808,2012/05/10
"4208","25174914",Colombo,Suderhsa,P,-49.2308,-25.2873,,2008/02/19
"4454","25204851",Passo do Vau,Águas Paraná,H,-48.51051,-25.20036,,
"4455","24794927",Balsa Do Cerro Azul,Águas Paraná,H,-49.2757,-24.79656,,2013/09/08
"4465","25234959",Ponte Do Açungui,Águas Paraná,H,-49.59633,-25.23556,,2014/02/04
"4739","25324927",ALMIRANTE TAMANDARÉ - Jardim Rosana,CEMADEN,P,-49.267,-25.316,,2015/02/05
"4741","25264930",ALMIRANTE TAMANDARÉ - Tranqueira,CEMADEN,P,-49.301,-25.259,,2014/07/25
"4742","25314930",ALMIRANTE TAMANDARÉ - Centro,CEMADEN,P,-49.298,-25.31,,2014/07/25
"4744","25314931",ALMIRANTE TAMANDARÉ - Jardim Planalto,CEMADEN,P,-49.308,-25.312,,2014/07/25
"4849","25314905",CAMPINA GRANDE DO SUL - Jardim da Colina,CEMADEN,P,-49.053,-25.311,,2014/07/25
"4888","24824927",CERRO AZUL - CerroAzul01,CEMADEN,P,-49.26312,-24.82449,,2016/02/19
"387","27225112",Tangará - Trento,Epagri/Ciram,M,-51.12,-27.22,,2015/04/08
"469","27285056",Curitibanos,Epagri/Ciram,M,-50.56667,-27.28333,1040,2011/01/01
"517","27285060",Curitibanos,Epagri/Ciram,M,-50.60833,-27.28333,1040,2014/01/01
"1332","27105125",TANGARÁ- Centro,CEMADEN,P,-51.24585,-27.10531,,2015/03/03
"3074","27105133",Joaçaba,Inmet,M,-51.55896,-27.16927,767.63,2007/09/20
"3118","27285061",Curitibanos,Inmet,M,-50.60428,-27.28862,978.1,2008/02/29
"4226","27175155",Joaçaba,Epagri/Ciram,M,-51.55806,-27.17,776,2008/08/01
"4265","27335075",Passo Marombas,Epagri/Ciram,H,-50.75083,-27.33083,829,2008/01/01
"4581","27165155",Joaçaba- INMET,Epagri/Ciram,M,-51.55,-27.16667,776,2014/01/01
"4926","27305057",CURITIBANOS - Cotia B1,CEMADEN,P,-50.56729,-27.30408,,2015/02/23
"5007","27185151",JOAÇABA - N. S. de Lourdes,CEMADEN,P,-51.5136,-27.1811,,2015/03/02
"5196","27175149",HERVAL D'OESTE - HERVAL D OESTE,CEMADEN,P,-51.4978,-27.17222,,2017/09/03
"5537","27275143",ERVAL VELHO - São Sebastião,CEMADEN,P,-51.4394,-27.2771,,2017/09/03
"2118","27055208",LINDÓIA DO SUL- Prefeitura Municipal,CEMADEN,P,-52.08314,-27.05239,,2015/02/26
"43","26015237",PCH Arturo Andreoli Porto Palmeirinha,PCH Arturo Andreoli,H,-52.6283,-26.0291,0,2002/08/30
"239","25695262",SAUDADE DO IGUAÇU- Prefeitura Municipal,CEMADEN,P,-52.6174,-25.6916,,2015/02/19
"247","27085213",IPUMIRIM- Prefeitura Municipal,CEMADEN,P,-52.13426,-27.0757,,2015/02/26
"486","26575249",PCH Ludesa Barramento,Ludesa,H,-52.4914,-26.5778,0,2012/02/09
"626","26425235",Clevelândia,Iapar,M,-52.34859,-26.41723,966,2015/08/01
"742","26585247",PCH Ludesa Jusante,Ludesa,H,-52.4744,-26.5867,0,2012/02/15
"807","27085228",SEARA- São Rafael,CEMADEN,P,-52.28532,-27.08402,,2015/02/27
"949","26575233",ABELARDO LUZ - Centro,CEMADEN,P,-52.326,-26.565,,2015/02/05
"1513","25525251",PCH Arturo Andreoli Rio Santana,PCH Arturo Andreoli,H,-52.5146,-25.5256,438,2015/09/01
"2353","26955253",XAXIM- Defesa Civil,CEMADEN,P,-52.52973,-26.95455,,2015/02/27
"2507","26565232",ABELARDO LUZ - ,CEMADEN,P,-52.3265,-26.5656,,2014/12/19
"3116","26445242",Xanxerê,Inmet,M,-52.39809,-26.93867,878.74,2008/03/15
"3163","26565253",SÃO DOMINGOS - Centro,CEMADEN,P,-52.53216,-26.55964,,2015/03/01
"3433","25485254",Bela Vista Jusante,Simepar,H,-52.5422,-25.482,430,2015/09/01
"3439","26445235",Clevelândia,Inmet,M,-52.34874,-26.4172,966.06,2008/05/15
"4902","25985256",CORONEL VIVIDA - Prefeitura Municipal,CEMADEN,P,-52.5634,-25.9801,,2015/02/19
"5058","26845241",XANXERÊ - Linha Barro Preto,CEMADEN,P,-52.4117,-26.8394,,2015/02/23
"39","24555296",Ubiratã,Simepar,M,-52.96648,-24.5545,529,2017/08/16
"80","25345331",N.Prata do Iguaçu,Simepar,M,-53.5166,-25.5666,546.3,1997/06/01
"161","25315254",NOVA LARANJEIRAS - Centro,CEMADEN,P,-52.53703,-25.30928,,2015/02/25
"182","25495361",CAPITÃO LEÔNIDAS MARQUES- Rua Tarobé,CEMADEN,P,-53.612,-25.494,,2014/07/25
"193","25425241",Laranjeiras do Sul,Simepar,M,-52.41211,-25.42767,838,2017/07/18
"245","25345306",PCH Arturo Andreoli Barramento,PCH Arturo Andreoli,H,-53.11301,-25.57138,351,2002/08/28
"410","25505367",Baixo Iguaçu,Simepar,M,-53.67738,-25.50895,274,2017/07/13
"509","25345816",Balsa Jaracatiá,Simepar,H,-53.2668,-25.5832,273,2006/05/26
"534","25325330",Salto Caxias,Simepar,H,-53.5,-25.5333,420,1997/06/01
"558","25095359",Santa Tereza d´Oeste,Iapar,M,-53.58962,-25.0876,752,2015/08/01
"591","24685257",Nova Cantu,Iapar,M,-52.56918,-24.67761,548,2015/08/01
"744","25235306",Porto Santo Antônio,Simepar,H,-53.1,-25.3833,386,1997/06/01
"746","25315021",Boa Vista da Aparecida,Simepar,H,-53.3558,-25.5225,367,2010/09/02
"957","25315301",Salto Osorio,Simepar,M,-53.03087,-25.52213,514,1999/07/22
"1512","25405259",PCH Arturo Andreoli Flor da Serra,PCH Arturo Andreoli,H,-52.5901,-25.4055,382,2015/09/01
"2070","25275357",LINDOESTE- Paço Municipal,CEMADEN,P,-53.5725,-25.2686,,2015/02/27
"3076","25415305",Dois Vizinhos,Inmet,M,-53.09527,-25.69906,545.95,2007/03/29
"3228","25325329",Reservatório Salto Caxias,Simepar,H,-53.4833,-25.5333,440,2009/03/13
"3342","24475343",Toledo,Simepar,M,-53.7196,-24.7834,516.4,1997/07/23
"3538","24535333",Cascavel,Simepar,M,-53.5547,-24.8845,719.3,1997/06/01
"3577","25465256",Águas do Verê,Simepar,H,-52.9329,-25.7737,466,1997/06/01
"3654","24565337",Palmitópolis / Aurora,SimeparTorres,M,-53.37462,-24.56814,,2016/02/10
"3668","24845356",Toledo/Pinheiros,SimeparTorres,M,-53.56483,-24.84796,,2016/02/10
"3669","25145354",Cascavel Parque Industrial,SimeparTorres,M,-53.54666,-24.99914,,2015/12/08
"3708","25315329",Salto Caxias,Simepar,M,-53.49412,-25.52092,440,1998/10/24
"3715","24535213",Palmital,Simepar,M,-52.2186,-24.8644,783,1997/06/01
"4456","25925285",Balsa Do Santana,Águas Paraná,H,-52.85222,-25.92056,,2014/02/03
"4457","24945259",Porto Carriel,Águas Paraná,H,-52.59778,-24.94722,,2014/02/04
"4458","24755287",Foz Do Cantu,Águas Paraná,H,-52.87667,-24.75194,,2014/02/04
"4459","24555290",Ponte Do Goio Bang,Águas Paraná,H,-52.90139,-24.55444,,2014/02/04
"4703","24575280",Campina da Lagoa,Inmet,M,-52.80026,-24.57086,598,2016/08/04
"4704","25365239",Laranjeiras do Sul,Inmet,M,-52.39194,-25.36894,835,2016/08/07
"4875","25445363",CAPITÃO LEÔNIDAS MARQUES - Bom Jesus,CEMADEN,P,-53.633,-25.438,,2014/07/25
"4876","25485361",CAPITÃO LEÔNIDAS MARQUES - Rua Catanduvas,CEMADEN,P,-53.606,-25.481,,2014/07/25
"4882","25005346",CASCAVEL - Centro,CEMADEN,P,-53.46367,-24.99532,,2015/02/23
"4883","24925344",CASCAVEL - Tarumã,CEMADEN,P,-53.4352,-24.9202,,2015/02/23
"4895","24965346",CASCAVEL - Un. de á Centro,CEMADEN,P,-53.45782,-24.9571,,2015/02/23
"4929","25755305",DOIS VIZINHOS - Prefeitura Municipal,CEMADEN,P,-53.05351,-25.74991,,2015/02/23
"4982","25105287",GUARANIAÇU - Centro,CEMADEN,P,-52.866,-25.1,,2014/07/25
"226","26275268",PATO BRANCO - Alvorada,CEMADEN,P,-52.683,-26.267,,2014/07/25
"229","26205269",PATO BRANCO - Fraron,CEMADEN,P,-52.692,-26.198,,2014/07/25
"230","26235267",PATO BRANCO - Centro,CEMADEN,P,-52.673,-26.228,,2014/07/25
"321","26735272",QUILOMBO - Centro,CEMADEN,P,-52.71834,-26.72645,,2015/02/28
"467","26775350",São Miguel do Oeste,Epagri/Ciram,M,-53.50389,-26.77611,700,2014/01/01
"513","26285364",Dionísio Cerqueira,Epagri/Ciram,M,-53.63278,-26.28639,810,2014/01/01
"518","26855287",MB-Águas Frias - BRUSCHI,Epagri/Ciram,H,-52.87361,-26.85806,302,2014/01/07
"554","26125265",Pato Branco,Iapar,M,-52.65192,-26.12338,716,2015/08/01
"555","26085306",Francisco Beltrão,Iapar,M,-53.06419,-26.08391,628,2015/08/01
"581","25725375",Planalto,Iapar,M,-53.74788,-25.72189,400,2015/08/01
"689","25345435",Porto Capanema,Simepar,H,-53.7923,-25.6154,234,1997/06/01
"778","26085307",Eta Francisco Beltrão,Águas Paraná,H,-53.07481,-26.08142,,2013/07/15
"909","26235271",PATO BRANCO - São João,CEMADEN,P,-52.713,-26.234,,2014/07/25
"1276","26745353",SÃO MIGUEL DO OESTE - São Luiz,CEMADEN,P,-53.52583,-26.73799,,2015/02/22
"1477","26155302",Eta Marmeleiro,Águas Paraná,H,-53.02388,-26.15827,625,2013/07/15
"2123","26685275",QUILOMBO - Interior,CEMADEN,P,-52.74678,-26.68023,,2015/03/07
"2453","26075306",Bombeiros Francisco Beltrão,Águas Paraná,H,-53.06369,-26.07353,,2016/09/21
"2575","26445383",São Miguel do Oeste,Inmet,M,-53.50454,-26.7767,654.51,2008/03/12
"3004","26405285",Novo Horizonte,Inmet,M,-52.85037,-26.4065,943.57,2008/09/20
"3083","26285363",Dionísio Cerqueira,Inmet,M,-53.63311,-26.28656,807.54,2008/06/02
"3098","23435346",Planalto,Inmet,M,-53.74792,-25.72186,399.1,2007/11/07
"3360","26075241",Pato Branco,Simepar,M,-52.6514,-26.1229,721.8,1997/06/01
"3477","26055305",Francisco Beltrão,Simepar,M,-53.06548,-26.0593,652,2010/09/02
"4150","88888888",Pato Branco velha,Copel,M,-52.6833,-26.1166,721.8,2001/04/18
"4810","26195360",BOM JESUS DO SUL - Centro,CEMADEN,P,-53.60245,-26.19174,,2015/02/20
"4855","26405309",CAMPO ERÊ - Prefeitura Municipal,CEMADEN,P,-53.0854,-26.3985,,2015/02/24
"4927","26265364",DIONÍSIO CERQUEIRA - Prefeitura Municipal,CEMADEN,P,-53.63747,-26.26219,,2015/02/28
"4951","26045306",FRANCISCO BELTRÃO - Pinheirinho,CEMADEN,P,-53.06013,-26.04632,,2015/02/24
"4952","26075307",FRANCISCO BELTRÃO - São Miguel,CEMADEN,P,-53.07376,-26.06924,,2015/02/24
"4957","26445269",GALVÃO - Escola Linha Santin,CEMADEN,P,-52.68857,-26.43919,,2015/03/02
"4958","26455269",GALVÃO - Esperança,CEMADEN,P,-52.68987,-26.45139,,2015/02/28
"5050","26765317",MARAVILHA - Centro Adm. Municipal,CEMADEN,P,-53.17418,-26.76057,,2015/02/23
"5060","26455351",SÃO JOSÉ DO CEDRO - São Cristovão,CEMADEN,P,-53.50752,-26.45164,,2015/02/20
"3530","24385115",Cândido de Abreu,Simepar,M,-51.2452,-24.6321,645,1997/06/01
"86","24775376",PCH São Francisco Montante 2,PCH São Francisco,H,-53.76094,-24.77915,,2015/10/28
"722","24715394",PCH São Francisco Jusante,PCH São Francisco,H,-53.94421,-24.71884,,2011/02/09
"3670","25115382",Céu Azul / Boa Vista,SimeparTorres,M,-53.82139,-25.1188,,2015/12/08
"4499","24745386",PCH São Francisco Montante 1,PCH São Francisco,H,-53.85557,-24.74298,,2011/02/10
"4500","24735389",PCH São Francisco Barramento,PCH São Francisco,H,-53.89309,-24.73323,,2011/02/05
"237","25355424",SÃO MIGUEL DO IGUAÇU- Centro,CEMADEN,P,-54.245,-25.349,,2014/07/25
"238","25375427",SÃO MIGUEL DO IGUAÇU- Rua Noé N. de Medeiros,CEMADEN,P,-54.27,-25.37306,,2014/08/12
"1003","25435458",Foz do Iguaçu - Itaipu,Simepar,M,-54.58286,-25.4361,168,2017/05/09
"1178","25345422",SÃO MIGUEL DO IGUAÇU - Barro Branco,CEMADEN,P,-54.222,-25.344,,2014/08/11
"2306","24235332",Assis Chateaubriand,Simepar,M,-53.5411,-24.3886,450,1999/08/19
"2683","25415426",Salto Cataratas,Simepar,H,-54.4333,-25.6833,234,1997/06/01
"3079","23605449",Foz do Iguaçu,Inmet,M,-54.48307,-25.60183,235.09,2008/06/15
"3351","25245437",Foz do Iguaçu,Simepar,M,-54.6167,-25.4059,232,1997/07/19
"3552","25115408",São Miguel do Iguaçu,Simepar,M,-54.2546,-25.3528,298,1997/06/01
"3728","25685442",Hotel Cataratas - Copel,Simepar,H,-54.42925,-25.68317,215,2015/03/12
"4057","24505420",Santa Helena,Simepar,M,-54.3103,-24.9168,271,1997/07/21
"4711","25355425",SÃO MIGUEL DO IGUAÇU- Tributario do Paraná Lago Itaipu,CEMADEN,H,-54.2505,-25.3461,,2017/01/01
"5104","25535454",FOZ DO IGUAÇU - São Miguel,CEMADEN,P,-54.54101,-25.53406,,2017/10/04
"5518","25475458",FOZ DO IGUAÇU - Porto Belo,CEMADEN,P,-54.58558,-25.47005,,2017/10/04
"5560","25575457",FOZ DO IGUAÇU - Vila Boa Esperança,CEMADEN,P,-54.57014,-25.57402,,2017/10/05
